month,response_time
1,37.55016806309992
2,64.95395072054541
3,88.70569135185622
4,130.98062752298873
5,126.12456730143784
6,131.6546011320588
7,102.36452535836617
8,117.73771280481324
9,160.3814673995018